<?xml version="1.0" encoding="UTF-8"?>

<beans xmlns="http://www.springframework.org/schema/beans" xmlns:xsi="http://www.w3.org/2001/XMLSchema-instance"
	xmlns:aop="http://www.springframework.org/schema/aop" xmlns:tx="http://www.springframework.org/schema/tx" xmlns:jee="http://www.springframework.org/schema/jee"
	xmlns:jdbc="http://www.springframework.org/schema/jdbc" xmlns:amq="http://activemq.apache.org/schema/core"
	xsi:schemaLocation="http://www.springframework.org/schema/beans http://www.springframework.org/schema/beans/spring-beans-3.2.xsd
           http://www.springframework.org/schema/aop http://www.springframework.org/schema/aop/spring-aop-3.2.xsd
           http://www.springframework.org/schema/tx http://www.springframework.org/schema/tx/spring-tx-3.2.xsd
           http://www.springframework.org/schema/jee http://www.springframework.org/schema/jee/spring-jee-3.2.xsd
           http://www.springframework.org/schema/jdbc http://www.springframework.org/schema/jdbc/spring-jdbc-3.2.xsd
           http://activemq.apache.org/schema/core http://activemq.apache.org/schema/core/activemq-core.xsd">

	<!-- the parent application context definition for the springapp application -->


	<!-- ========================= DATA SOURCE ========================= -->

	<bean id="hsqldb" class="com.parasoft.parabank.util.ServerBean" lazy-init="false">
		<property name="dataSource" ref="dataSource" />
		<property name="serverProperties">
			<props>
				<prop key="server.database.0">parabank</prop>
				<prop key="server.dbname.0">parabank</prop>
				<prop key="server.database.1">bookstore</prop>
				<prop key="server.dbname.1">bookstore</prop>
				<prop key="server.silent">true</prop>
			</props>
		</property>
	</bean>

	<bean id="dataSource" class="org.apache.commons.dbcp2.BasicDataSource" destroy-method="close">
		<property name="driverClassName" value="${jdbc.driverClassName}" />
		<property name="url" value="${jdbc.url}" />
		<property name="username" value="${jdbc.username}" />
		<property name="password" value="${jdbc.password}" />
		<property name="enableAutoCommitOnReturn" value="true" />
		<property name="defaultAutoCommit" value="true" />
		<property name="maxTotal" value="-1"/>
		<property name="maxIdle" value="5"/>
	</bean>

	<bean id="BookstoreDS" class="org.apache.commons.dbcp2.BasicDataSource" destroy-method="close">
		<property name="driverClassName" value="${jdbc.bookstoreDriverClassName}" />
		<property name="url" value="${jdbc.bookstoreURL}" />
		<property name="username" value="${jdbc.bookstoreUsername}" />
		<property name="password" value="${jdbc.bookstorePassword}" />
	</bean>

	<bean id="txManager" class="org.springframework.jdbc.datasource.DataSourceTransactionManager">
		<property name="dataSource" ref="dataSource" />
	</bean>

</beans>