<?xml version="1.0" encoding="UTF-8"?>

<beans xmlns="http://www.springframework.org/schema/beans" xmlns:xsi="http://www.w3.org/2001/XMLSchema-instance"
	xmlns:aop="http://www.springframework.org/schema/aop" xmlns:tx="http://www.springframework.org/schema/tx" xmlns:jee="http://www.springframework.org/schema/jee"
	xmlns:jdbc="http://www.springframework.org/schema/jdbc" xmlns:amq="http://activemq.apache.org/schema/core"
	xsi:schemaLocation="http://www.springframework.org/schema/beans http://www.springframework.org/schema/beans/spring-beans-3.2.xsd
           http://www.springframework.org/schema/aop http://www.springframework.org/schema/aop/spring-aop-3.2.xsd
           http://www.springframework.org/schema/tx http://www.springframework.org/schema/tx/spring-tx-3.2.xsd
           http://www.springframework.org/schema/jee http://www.springframework.org/schema/jee/spring-jee-3.2.xsd
           http://www.springframework.org/schema/jdbc http://www.springframework.org/schema/jdbc/spring-jdbc-3.2.xsd
           http://activemq.apache.org/schema/core http://activemq.apache.org/schema/core/activemq-core.xsd">

	<!-- ========================= PROPERTIES ========================= -->

	<bean id="propertyConfigurer" class="org.springframework.beans.factory.config.PropertyPlaceholderConfigurer" lazy-init="false">
		<property name="locations">
			<list>
				<value>classpath:jdbc.properties</value>
				<value>classpath:jdbcBookstore.properties</value>
				<value>classpath:jms.properties</value>
			</list>
		</property>
	</bean>

	<import resource="classpath*:/**/applicationContext-jms.xml"  />
	<import resource="classpath*:/**/applicationContext-hsqldb.xml" />
	<import resource="classpath*:/**/applicationContext-base.xml" />
	
</beans>