<assembly xmlns="http://maven.apache.org/ASSEMBLY/2.0.0" xmlns:xsi="http://www.w3.org/2001/XMLSchema-instance" xsi:schemaLocation="http://maven.apache.org/ASSEMBLY/2.0.0 http://maven.apache.org/xsd/assembly-2.0.0.xsd">
	<id>sources-jst_web</id>
	<includeBaseDirectory>false</includeBaseDirectory>
	<formats>
		<format>zip</format>
	</formats>
	<fileSets>
		<fileSet>
			<directory>src/main/java</directory>
			<outputDirectory>src</outputDirectory>
			<includes>
				<include>**</include>
			</includes>
		</fileSet>
		<fileSet>
			<directory>src/main/resources</directory>
			<outputDirectory>src</outputDirectory>
			<includes>
				<include>**</include>
			</includes>
		</fileSet>
		<fileSet>
			<directory>src/main/webapp</directory>
			<outputDirectory>WebContent</outputDirectory>
			<includes>
				<include>**</include>
			</includes>
		</fileSet>
	</fileSets>
	<dependencySets>
		<dependencySet>
			<useProjectArtifact>false</useProjectArtifact>
			<outputDirectory>WebContent/WEB-INF/lib</outputDirectory>
		</dependencySet>
	</dependencySets>
</assembly>
